name,lat,lon
Acalanes Ridge,37.904725,-122.078567
Acampo,38.173529,-121.279892
Acton,34.49607,-118.183897
Adelanto,34.580902,-117.439458
Adin,41.199312,-120.956779
Agoura Hills,34.148942,-118.76393
Agua Dulce,34.501678,-118.32068
Aguanga,33.452246,-116.85547
Ahwahnee,37.365423,-119.716561
Airport,37.633883,-120.972006
Alameda,37.741911,-122.259914
Alamo,37.854768,-122.013557
Albany,37.89065,-122.318116
Albion,39.225327,-123.757586
Alderpoint,40.161347,-123.615729
Alhambra,34.083571,-118.136444
Alhambra Valley,37.966744,-122.135998
Aliso Viejo,33.57921,-117.728898
Alleghany,39.46666,-120.841126
Allendale,38.442986,-121.98333
Allensworth,35.849878,-119.389209
Almanor,40.214494,-121.17622
Alondra Park,33.890155,-118.335678
Alpaugh,35.889037,-119.485809
Alpine,32.842487,-116.755911
Alpine Village,38.779346,-119.807785
Alta,39.215685,-120.798509
Alta Sierra,35.725776,-118.545166
Alta Sierra,39.126174,-121.049085
Altadena,34.192212,-118.135589
Alto,37.905581,-122.518718
Alturas,41.489136,-120.551286
Alum Rock,37.369408,-121.823809
Amador City,38.418994,-120.823263
Amador Pines,38.489631,-120.533305
American Canyon,38.179033,-122.259602
Amesti,36.959483,-121.781739
Anaheim,33.855502,-117.758657
Anchor Bay,38.812653,-123.570267
Anderson,40.449755,-122.29507
Angels,38.071037,-120.551729
Angwin,38.577875,-122.451224
Antelope,38.71533,-121.360962
Antioch,37.978336,-121.796064
Anza,33.56159,-116.696066
Apple Valley,34.533376,-117.210358
Aptos,36.99115,-121.893457
Aptos Hills-Larkin Valley,36.963492,-121.835214
Arbuckle,39.014185,-122.061041
Arcadia,34.132689,-118.036347
Arcata,40.862291,-124.074967
Arden-Arcade,38.600647,-121.384643
Armona,36.316607,-119.70538
Arnold,38.249049,-120.349327
Aromas,36.874755,-121.630732
Arroyo Grande,35.124149,-120.584533
Artesia,33.867591,-118.080634
Artois,39.633179,-122.189758
Arvin,35.194361,-118.830569
Ashland,37.694197,-122.115937
Aspen Springs,37.548791,-118.699663
Atascadero,35.485718,-120.687942
Atherton,37.457072,-122.201058
Atwater,37.354049,-120.597177
Auberry,37.088654,-119.450757
Auburn,38.895075,-121.076739
Auburn Lake Trails,38.886238,-120.979699
August,37.979644,-121.26251
Avalon,33.343335,-118.317615
Avenal,36.031107,-120.116174
Avery,38.206826,-120.372262
Avila Beach,35.199355,-120.720757
Avocado Heights,34.039039,-117.998167
Azusa,34.138524,-117.912253
Baker,35.276918,-116.071735
Bakersfield,35.353171,-119.037919
Bakersfield Country Club,35.389891,-118.940915
Baldwin Park,34.082824,-117.971286
Ballard,34.639948,-120.110989
Ballico,37.451917,-120.703707
Bangor,39.376087,-121.411654
Banning,33.945903,-116.899044
Barstow,34.866987,-117.043035
Bass Lake,37.327282,-119.565326
Bay Point,38.032254,-121.962236
Bayview,38.006234,-122.320165
Bayview,40.76536,-124.178624
Baywood Park,37.529163,-122.341637
Beale AFB,39.108061,-121.351215
Bear Creek,37.296601,-120.417676
Bear Valley,37.57474,-120.136098
Bear Valley,38.472321,-120.051847
Bear Valley Springs,35.178355,-118.669618
Beaumont,33.876722,-116.953009
Beckwourth,39.843931,-120.414009
Belden,40.006783,-121.248191
Bell,33.979704,-118.179249
Bell Canyon,34.208148,-118.687574
Bell Gardens,33.964379,-118.154437
Bella Vista,40.651205,-122.25637
Bellflower,33.887821,-118.12725
Belmont,37.514398,-122.294475
Belvedere,37.873567,-122.470995
Ben Lomond,37.078212,-122.088102
Benbow,40.060267,-123.765381
Bend,40.255092,-122.210916
Benicia,38.072733,-122.155169
Benton,37.822438,-118.487687
Benton Park,35.346439,-119.029815
Berkeley,37.865673,-122.298725
Bermuda Dunes,33.74349,-116.287335
Berry Creek,39.631812,-121.405621
Bertsch-Oceanview,41.751727,-124.170214
Bethel Island,38.02813,-121.629851
Beverly Hills,34.07923,-118.402437
Bieber,41.138451,-121.117006
Big Bear City,34.254118,-116.796378
Big Bear Lake,34.242888,-116.893893
Big Bend,41.011624,-121.930434
Big Creek,37.203565,-119.248489
Big Lagoon,41.159427,-124.129746
Big Pine,37.165507,-118.296262
Big River,34.139823,-114.362099
Biggs,39.410187,-121.713322
Biola,36.799938,-120.021038
Bishop,37.366381,-118.395808
Black Point-Green Point,38.110651,-122.519097
Blackhawk,37.809629,-121.913241
Blacklake,35.049689,-120.538642
Blairsden,39.775205,-120.610845
Bloomfield,38.322069,-122.834464
Bloomington,34.060071,-117.401238
Blue Lake,40.880993,-123.994912
Bluewater,34.175431,-114.264962
Blythe,33.65352,-114.621823
Bodega,38.348841,-122.971164
Bodega Bay,38.327472,-123.029926
Bodfish,35.573416,-118.486441
Bolinas,37.917725,-122.709502
Bombay Beach,33.35561,-115.726902
Bonadelle Ranchos,36.968806,-119.892779
Bonita,32.673217,-117.006101
Bonny Doon,37.043577,-122.136972
Bonsall,33.274876,-117.191863
Boonville,39.011474,-123.374043
Bootjack,37.474044,-119.8838
Boron,35.01978,-117.665938
Boronda,36.694632,-121.674512
Borrego Springs,33.240965,-116.357119
Bostonia,32.818985,-116.942264
Boulder Creek,37.134099,-122.127208
Boulevard,32.664022,-116.289601
Bowles,36.608873,-119.752564
Boyes Hot Springs,38.312633,-122.488738
Bradbury,34.153159,-117.968818
Bradley,35.86284,-120.804268
Brawley,32.978454,-115.528569
Brea,33.925178,-117.865111
Brentwood,37.935578,-121.71897
Bret Harte,37.602078,-121.00438
Bridgeport,38.25521,-119.210424
Brisbane,37.67575,-122.383302
Broadmoor,37.691495,-122.481339
Brookdale,37.105732,-122.110623
Brooks,38.73688,-122.146807
Brooktrails,39.443283,-123.3938
Buck Meadows,37.807046,-120.075237
Buckhorn,38.454797,-120.532334
Bucks Lake,39.87956,-121.199081
Buellton,34.615497,-120.194237
Buena Park,33.857353,-118.007373
Buena Vista,38.297487,-120.917402
Burbank,34.190079,-118.326405
Burbank,37.321084,-121.930618
Burlingame,37.589952,-122.363342
Burney,40.889362,-121.675465
Burnt Ranch,40.811335,-123.508261
Butte Creek Canyon,39.744502,-121.707131
Butte Meadows,40.08531,-121.542683
Butte Valley,39.668815,-121.645888
Buttonwillow,35.409229,-119.440668
Byron,37.875644,-121.64212
Bystrom,37.61939,-120.981254
C-Road,39.762728,-120.577051
Cabazon,33.912726,-116.782831
Calabasas,34.134252,-118.666455
Calexico,32.684859,-115.494738
California City,35.14659,-117.869346
California Hot Springs,35.887568,-118.655022
California Pines,41.413786,-120.66531
California Polytechnic State University,35.306981,-120.667276
Calimesa,33.987357,-117.054214
Calipatria,33.168651,-115.485641
Calistoga,38.581408,-122.582696
Callender,35.047972,-120.575908
Calpella,39.233721,-123.19376
Calpine,39.663381,-120.439277
Calwa,36.713477,-119.76086
Camanche North Shore,38.244218,-120.953915
Camanche Village,38.266481,-120.986575
Camarillo,34.221823,-119.032154
Cambria,35.552069,-121.084137
Cambrian Park,37.256059,-121.928778
Cameron Park,38.674029,-120.988338
Camino,38.742265,-120.680811
Camino Tassajara,37.790886,-121.885052
Camp Nelson,36.141978,-118.61071
Camp Pendleton Mainside,33.307209,-117.331048
Camp Pendleton South,33.231824,-117.391998
Campbell,37.280244,-121.953296
Campo,32.640965,-116.474516
Campo Seco,38.220743,-120.859054
Camptonville,39.452072,-121.048668
Canby,41.452293,-120.888319
Cantua Creek,36.500045,-120.316361
Canyon Lake,33.688302,-117.263547
Canyondam,40.169867,-121.076986
Capitola,36.976083,-121.954012
Caribou,40.073244,-121.16567
Carlsbad,33.129284,-117.284183
Carmel Valley Village,36.500627,-121.73182
Carmel-by-the-Sea,36.552881,-121.921919
Carmet,38.374452,-123.071859
Carmichael,38.630812,-121.325636
Carnelian Bay,39.235165,-120.078207
Carpinteria,34.385234,-119.500759
Carrick,41.446746,-122.363457
Carson,33.840367,-118.249574
Carson City,39.1638,-119.7674
Cartago,36.305239,-118.027166
Caruthers,36.539907,-119.845027
Casa Conejo,34.184731,-118.944517
Casa Loma,35.34323,-118.998711
Casa de Oro-Mount Helix,32.763961,-116.968808
Casmalia,34.837799,-120.531044
Caspar,39.363063,-123.804194
Cassel,40.925021,-121.548476
Castaic,34.477444,-118.632681
Castella,41.177248,-122.287241
Castle Hill,37.874718,-122.058582
Castro Valley,37.708276,-122.062769
Castroville,36.76484,-121.753376
Cathedral City,33.835487,-116.463103
Catheys Valley,37.427706,-120.096038
Cayucos,35.439581,-120.889828
Cazadero,38.527831,-123.109799
Cedar Flat,39.206907,-120.094902
Cedar Ridge,38.065736,-120.273869
Cedar Slope,36.145464,-118.578881
Cedarville,41.528683,-120.174433
Centerville,36.736117,-119.496006
Centerville,40.542902,-122.464505
Ceres,37.598786,-120.968081
Cerritos,33.867745,-118.069471
Chalfant,37.492115,-118.390408
Challenge-Brownsville,39.464617,-121.26325
Channel Islands Beach,34.16896,-119.228542
Charleston View,35.964629,-115.897235
Charter Oak,34.102492,-117.856282
Cherokee,39.650877,-121.533646
Cherokee Strip,35.469567,-119.261525
Cherry Valley,33.979642,-116.969371
Cherryland,37.679216,-122.103777
Chester,40.301675,-121.232503
Chico,39.758951,-121.81772
Chilcoot-Vinton,39.806744,-120.138861
China Lake Acres,35.640019,-117.766458
Chinese Camp,37.870215,-120.444225
Chino,33.978037,-117.657719
Chino Hills,33.942969,-117.725648
Choctaw Valley,35.448555,-118.887191
Chowchilla,37.116104,-120.241978
Chualar,36.571113,-121.510295
Chula Vista,32.62767,-117.01517
Citrus,34.113438,-117.891301
Citrus Heights,38.69481,-121.287953
Claremont,34.124925,-117.713923
Clarksburg,38.419335,-121.541617
Clay,38.314038,-121.159591
Clayton,37.940322,-121.930075
Clear Creek,40.307086,-121.0554
Clearlake,38.960045,-122.633232
Clearlake Oaks,39.020605,-122.656939
Clearlake Riviera,38.951383,-122.722243
Cleone,39.490154,-123.775692
Clio,39.754217,-120.566728
Clipper Mills,39.532424,-121.166552
Cloverdale,38.794795,-123.014703
Clovis,36.827809,-119.681843
Clyde,38.02539,-122.028016
Coachella,33.69038,-116.143128
Coalinga,36.133014,-120.339005
Coarsegold,37.239184,-119.700972
Cobb,38.835329,-122.722435
Coffee Creek,41.079673,-122.716906
Cohasset,39.902152,-121.745368
Cold Springs,38.161335,-120.053527
Cold Springs,38.74644,-120.873807
Coleville,38.580561,-119.502863
Colfax,39.093799,-120.953222
College City,39.006085,-122.005134
Collierville,38.212831,-121.264972
Colma,37.676697,-122.452821
Coloma,38.802616,-120.894635
Colton,34.054525,-117.325029
Columbia,38.031227,-120.413398
Colusa,39.200023,-122.009481
Commerce,33.994523,-118.149952
Comptche,39.265134,-123.589715
Compton,33.894047,-118.227469
Concord,37.972184,-122.001587
Concow,39.770316,-121.513493
Contra Costa Centre,37.925963,-122.053977
Copperopolis,37.939092,-120.625141
Corcoran,36.084057,-119.561268
Corning,39.9282,-122.182009
Corona,33.861969,-117.565495
Coronado,32.657625,-117.156539
Coronita,33.875877,-117.610983
Corralitos,36.98423,-121.789432
Corte Madera,37.931846,-122.507738
Costa Mesa,33.665905,-117.912336
Cotati,38.328492,-122.710049
Coto de Caza,33.597037,-117.586484
Cottonwood,35.345588,-118.985856
Cottonwood,40.390291,-122.315631
Coulterville,37.712573,-120.196062
Country Club,37.968036,-121.340482
Courtland,38.332911,-121.557026
Covelo,39.800187,-123.252601
Covina,34.090475,-117.882143
Cowan,37.560105,-120.988787
Crescent City,41.764514,-124.200779
Crescent Mills,40.100741,-120.921706
Cressey,37.42103,-120.65569
Crest,32.80002,-116.867078
Crestline,34.254077,-117.286709
Creston,35.517097,-120.518136
Crockett,38.051919,-122.220127
Cromberg,39.868383,-120.690446
Crowley Lake,37.568742,-118.746421
Crows Landing,37.394443,-121.075166
Cudahy,33.964003,-118.182561
Culver City,34.00582,-118.396781
Cupertino,37.3194,-122.044957
Cutler,36.524664,-119.288829
Cutten,40.765684,-124.144461
Cuyama,34.931057,-119.61488
Cypress,33.818477,-118.038307
Dales,40.317989,-122.053844
Daly City,37.701684,-122.464968
Dana Point,33.475452,-117.693087
Danville,37.812142,-121.969824
Daphnedale Park,41.506864,-120.548069
Darwin,36.268803,-117.589004
Davenport,37.017779,-122.187885
Davis,38.556147,-121.737793
Day Valley,37.025439,-121.855931
Deer Park,38.535176,-122.470152
Del Aire,33.916738,-118.36929
Del Dios,33.075682,-117.119036
Del Mar,32.963945,-117.259804
Del Monte Forest,36.583834,-121.946714
Del Rey,36.656464,-119.598135
Del Rey Oaks,36.589699,-121.829527
Del Rio,37.745907,-121.009293
Delano,35.76643,-119.264221
Delft Colony,36.513809,-119.446522
Delhi,37.430599,-120.775899
Delleker,39.813251,-120.489671
Denair,37.525398,-120.797433
Derby Acres,35.244025,-119.603833
Descanso,32.869565,-116.627878
Desert Center,33.737799,-115.366622
Desert Edge,33.922289,-116.440092
Desert Hot Springs,33.957591,-116.542284
Desert Palms,33.779144,-116.298219
Desert Shores,33.403803,-116.039206
Desert View Highlands,34.590263,-118.153537
Di Giorgio,35.249118,-118.844154
Diablo,37.840774,-121.956477
Diablo Grande,37.399047,-121.263511
Diamond Bar,34.001573,-117.817601
Diamond Springs,38.692014,-120.838684
Dillon Beach,38.243488,-122.955955
Dinuba,36.545121,-119.398805
Discovery Bay,37.908131,-121.597196
Dixon,38.447512,-121.824223
Dixon Lane-MeadowCreek,37.386388,-118.415273
Dobbins,39.35659,-121.210378
Dogtown,38.208667,-121.154809
Dollar Point,39.189626,-120.109426
Dorrington,38.304479,-120.266321
Dorris,41.964965,-121.920387
Dos Palos,36.985424,-120.633845
Dos Palos Y,37.04684,-120.639473
Douglas City,40.644953,-122.927426
Douglas Flat,38.114619,-120.452862
Downey,33.938237,-118.130856
Downieville,39.578643,-120.816405
Doyle,40.027223,-120.11537
Drytown,38.441489,-120.860504
Duarte,34.160967,-117.950447
Dublin,37.716137,-121.896229
Ducor,35.892701,-119.04701
Dunnigan,38.892643,-121.974184
Dunsmuir,41.231526,-122.270939
Durham,39.629358,-121.79077
Dustin Acres,35.215929,-119.374987
Dutch Flat,39.208008,-120.834476
Eagleville,41.318993,-120.114607
Earlimart,35.891354,-119.272092
East Bakersfield,35.383185,-118.974368
East Foothills,37.382607,-121.813749
East Hemet,33.730114,-116.941001
East Los Angeles,34.031506,-118.168567
East Nicolaus,38.910044,-121.544319
East Niles,35.368273,-118.922462
East Oakdale,37.783867,-120.798631
East Orosi,36.548069,-119.259853
East Palo Alto,37.46778,-122.13255
East Pasadena,34.136798,-118.077535
East Porterville,36.058155,-118.974892
East Quincy,39.91643,-120.91894
East Rancho Dominguez,33.894841,-118.195586
East Richmond Heights,37.945084,-122.31391
East San Gabriel,34.116189,-118.079886
East Shore,40.245269,-121.076778
East Sonora,37.974241,-120.338035
East Tulare Villa,36.203763,-119.280335
East Whittier,33.924376,-117.988732
Eastern Goleta Valley,34.443913,-119.785477
Easton,36.652391,-119.790786
Eastvale,33.963274,-117.582369
Edgewood,41.460773,-122.425687
Edison,35.347313,-118.869826
Edmundson Acres,35.227296,-118.823252
Edna,35.210786,-120.605968
Edwards AFB,34.902408,-117.921869
El Adobe,35.245083,-118.958842
El Cajon,32.801673,-116.960468
El Centro,32.786351,-115.560206
El Centro Naval Air Facility,32.825232,-115.668072
El Cerrito,33.838186,-117.522205
El Cerrito,37.919574,-122.302519
El Dorado Hills,38.676082,-121.0477
El Granada,37.514166,-122.464803
El Macero,38.544019,-121.685168
El Monte,34.074633,-118.029136
El Monte Mobile Village,36.547075,-119.425049
El Nido,37.132376,-120.498551
El Paso de Robles (Paso Robles),35.628513,-120.650356
El Portal,37.673241,-119.787716
El Rancho,36.220684,-119.068357
El Rio,34.245364,-119.156763
El Segundo,33.910367,-118.425079
El Sobrante,33.872465,-117.462517
El Sobrante,37.973624,-122.303141
El Verano,38.297465,-122.491544
Eldridge,38.333887,-122.506518
Elfin Forest,33.081232,-117.177443
Elizabeth Lake,34.656488,-118.379847
Elk Creek,39.598678,-122.53232
Elk Grove,38.414621,-121.384961
Elkhorn,36.810673,-121.718699
Elmira,38.352329,-121.907719
Elverta,38.718464,-121.445475
Emerald Lake Hills,37.46566,-122.265351
Emeryville,37.838473,-122.301682
Empire,37.643057,-120.907038
Encinitas,33.050632,-117.263616
Escalon,37.791336,-120.999643
Escondido,33.133053,-117.074043
Esparto,38.69341,-122.024046
Etna,41.458199,-122.895819
Eucalyptus Hills,32.885177,-116.944983
Eureka,40.797594,-124.154191
Exeter,36.294137,-119.145953
Fair Oaks,38.650154,-121.25097
Fairbanks Ranch,32.991596,-117.186611
Fairfax,35.346885,-118.933806
Fairfax,37.988532,-122.595208
Fairfield,38.26206,-122.032386
Fairhaven,40.788293,-124.201421
Fairmead,37.077405,-120.193909
Fairview,37.677667,-122.044434
Fall River Mills,41.007241,-121.441134
Fallbrook,33.374235,-117.220375
Farmersville,36.304739,-119.208605
Farmington,37.929868,-121.004367
Fellows,35.177929,-119.547211
Felton,37.039222,-122.080764
Ferndale,40.578144,-124.261247
Fetters Hot Springs-Agua Caliente,38.327504,-122.487137
Fiddletown,38.506864,-120.760149
Fieldbrook,40.972958,-124.028586
Fields Landing,40.724236,-124.218603
Fillmore,34.398958,-118.91746
Firebaugh,36.853745,-120.453746
Fish Camp,37.4799,-119.640911
Florence-Graham,33.968159,-118.244667
Florin,38.48315,-121.404326
Floriston,39.39293,-120.015113
Flournoy,39.928339,-122.445793
Folsom,38.666597,-121.141635
Fontana,34.109686,-117.462888
Foothill Farms,38.686732,-121.347478
Forbestown,39.527584,-121.266222
Ford City,35.164735,-119.4584
Forest Meadows,38.171801,-120.397737
Forest Ranch,39.895204,-121.670451
Foresta,37.698779,-119.748274
Foresthill,39.005286,-120.831355
Forestville,38.482491,-122.889884
Fort Bidwell,41.863301,-120.159395
Fort Bragg,39.439803,-123.801757
Fort Dick,41.869526,-124.167206
Fort Hunter Liggett,35.992329,-121.23487
Fort Irwin,35.247701,-116.683411
Fort Jones,41.608452,-122.841066
Fort Washington,36.87934,-119.76122
Fortuna,40.587084,-124.142161
Foster City,37.56482,-122.250782
Fountain Valley,33.710582,-117.951129
Fowler,36.624186,-119.674748
Franklin,37.327529,-120.532089
Franklin,38.367521,-121.461629
Frazier Park,34.814193,-118.954961
Freedom,36.940254,-121.795246
Freeport,38.462935,-121.502107
Fremont,37.49446,-121.94115
French Camp,37.866024,-121.274154
French Gulch,40.718793,-122.629357
French Valley,33.599461,-117.106495
Fresno,36.782684,-119.793359
Friant,36.984012,-119.70806
Fruitdale,37.311711,-121.935765
Fruitridge Pocket,38.532613,-121.455807
Fuller Acres,35.302254,-118.914295
Fullerton,33.885716,-117.928025
Fulton,38.493709,-122.773417
Furnace Creek,36.427669,-116.87469
Galt,38.268458,-121.298952
Garberville,40.100306,-123.794315
Garden Acres,37.963697,-121.22961
Garden Farms,35.415782,-120.614034
Garden Grove,33.778782,-117.960472
Gardena,33.894417,-118.307522
Gardnerville,38.9412,-119.7499
Garey,34.885821,-120.31375
Garnet,33.917892,-116.479609
Gasquet,41.836075,-123.976031
Gazelle,41.51187,-122.521946
Georgetown,38.911353,-120.834624
Gerber,40.061417,-122.148201
Geyserville,38.717314,-122.903423
Gilroy,37.006407,-121.585321
Glen Ellen,38.355323,-122.543306
Glencoe,38.353042,-120.57329
Glendale,34.181393,-118.24583
Glendora,34.144964,-117.847804
Glennville,35.724194,-118.715217
Gold Mountain,39.761315,-120.519054
Gold River,38.626854,-121.249164
Golden Hills,35.136422,-118.497592
Goleta,34.435441,-119.858946
Gonzales,36.505979,-121.442918
Good Hope,33.770627,-117.277199
Goodmanville,35.428994,-118.943719
Goodyears Bar,39.552354,-120.893102
Goshen,36.349266,-119.420621
Graeagle,39.752477,-120.645449
Grand Terrace,34.031085,-117.3131
Grangeville,36.343898,-119.707467
Granite Bay,38.760441,-121.168196
Granite Hills,32.80328,-116.90561
Graniteville,39.444366,-120.73603
Grass Valley,39.220305,-121.052654
Graton,38.437517,-122.865988
Grayson,37.564577,-121.18005
Greeley Hill,37.757043,-120.130759
Green Acres,33.734972,-117.078244
Green Valley,34.617415,-118.405023
Green Valley,38.263842,-122.162496
Greenacres,35.383159,-119.118381
Greenfield,35.269489,-119.009491
Greenfield,36.323977,-121.243699
Greenhorn,39.902968,-120.758983
Greenview,41.544922,-122.920964
Greenville,40.133603,-120.945333
Grenada,41.6401,-122.526627
Gridley,39.362883,-121.697543
Grimes,39.074154,-121.898775
Grizzly Flats,38.635696,-120.535435
Groveland,37.831966,-120.241581
Grover Beach,35.120888,-120.619664
Guadalupe,34.964929,-120.573127
Guerneville,38.517165,-122.989897
Guinda,38.827374,-122.198359
Gustine,37.252549,-120.995513
Hacienda Heights,33.995853,-117.973023
Half Moon Bay,37.467319,-122.440485
Hamilton Branch,40.27725,-121.096092
Hamilton City,39.742678,-122.010946
Hanford,36.327719,-119.654609
Happy Camp,41.815893,-123.392796
Happy Valley,40.466141,-122.417969
Harbison Canyon,32.827274,-116.83807
Hardwick,36.402596,-119.72077
Harmony Grove,33.100717,-117.137992
Hartland,36.653867,-118.958812
Hartley,38.420393,-121.950842
Hasley Canyon,34.481599,-118.666689
Hat Creek,40.789806,-121.474515
Hathaway Pines,38.190063,-120.361495
Hawaiian Gardens,33.830482,-118.073451
Hawthorne,33.914775,-118.348083
Hayfork,40.575871,-123.123629
Hayward,37.626826,-122.104015
Healdsburg,38.622526,-122.865133
Heber,32.732494,-115.529398
Hemet,33.734068,-116.996808
Herald,38.288403,-121.231066
Hercules,38.021427,-122.288929
Herlong,40.141722,-120.139657
Hermosa Beach,33.869819,-118.405296
Hesperia,34.397038,-117.315198
Hickman,37.619316,-120.751219
Hidden Hills,34.163744,-118.66121
Hidden Meadows,33.223634,-117.119826
Hidden Valley Lake,38.801498,-122.551422
Highgrove,34.010577,-117.309817
Highland,34.113473,-117.165729
Highlands,37.520022,-122.3459
Hillcrest,35.37897,-118.957853
Hillsborough,37.557206,-122.358541
Hilmar-Irwin,37.404543,-120.850426
Hiouchi,41.793664,-124.066113
Hollister,36.855599,-121.398598
Holtville,32.813781,-115.378319
Home Garden,36.302832,-119.637073
Home Gardens,33.878328,-117.511535
Homeland,33.745881,-117.113241
Homestead Valley,34.273004,-116.414549
Homewood Canyon,35.89004,-117.386414
Honcut,39.332591,-121.538759
Hood,38.369291,-121.515488
Hoopa,41.079639,-123.69766
Hopland,38.96883,-123.116899
Hornbrook,41.904505,-122.558319
Hornitos,37.502525,-120.238859
Hughson,37.602135,-120.866004
Humboldt Hill,40.722316,-124.197381
Huntington Beach,33.698007,-118.003834
Huntington Park,33.979248,-118.217438
Huron,36.204381,-120.095119
Hyampom,40.626179,-123.46883
Hydesville,40.557875,-124.08225
Hypericum,36.256167,-119.216933
Idlewild,35.809588,-118.670463
Idyllwild-Pine Cove,33.744209,-116.73069
Igo,40.49774,-122.549621
Imperial,32.838801,-115.572012
Imperial Beach,32.56914,-117.114921
Independence,36.83031,-118.207855
Indian Falls,40.05875,-120.980314
Indian Wells,33.699892,-116.32955
Indianola,40.809964,-124.078447
Indio,33.731639,-116.235971
Indio Hills,33.84106,-116.248473
Industry,34.026232,-117.940327
Inglewood,33.956068,-118.344274
Interlaken,36.950603,-121.737519
Inverness,38.082796,-122.854943
Inyokern,35.654387,-117.819476
Ione,38.362862,-120.947685
Iron Horse,39.780481,-120.482291
Irvine,33.678399,-117.771254
Irwindale,34.111855,-117.963614
Isla Vista,34.412179,-119.860657
Isleton,38.161252,-121.604958
Ivanhoe,36.383439,-119.220088
Jackson,38.348489,-120.772822
Jacumba,32.636478,-116.190706
Jamestown,37.958212,-120.407062
Jamul,32.71841,-116.870862
Janesville,40.301105,-120.490318
Jenner,38.459034,-123.127467
Johannesburg,35.371876,-117.641803
Johnson Park,40.921179,-121.629531
Johnstonville,40.380198,-120.586134
Johnsville,39.76971,-120.699783
Jones Valley,40.701315,-122.242004
Joshua Tree,34.123633,-116.312862
Jovista,35.794014,-119.18957
Julian,33.073502,-116.588883
Junction City,40.736022,-123.084644
June Lake,37.761783,-119.114729
Jurupa Valley,34.002591,-117.467612
Keddie,40.005944,-120.952416
Keeler,36.486718,-117.87333
Keene,35.23178,-118.613067
Kelly Ridge,39.528803,-121.466259
Kelseyville,38.970184,-122.831384
Kennedy,37.929042,-121.245783
Kennedy Meadows,36.007639,-118.109947
Kensington,37.905144,-122.284226
Kentfield,37.935873,-122.558999
Kenwood,38.415408,-122.538753
Kep'el,41.284142,-123.819006
Kerman,36.724911,-120.06258
Kernville,35.755017,-118.430907
Keswick,40.612959,-122.460779
Kettleman City,36.008985,-119.962852
Keyes,37.557308,-120.911375
King City,36.216283,-121.131962
Kings Beach,39.247528,-120.019903
Kingsburg,36.525193,-119.566403
Kingvale,39.320997,-120.438309
Kirkwood,38.689265,-120.054979
Klamath,41.572859,-124.055606
Knights Ferry,37.821152,-120.669089
Knights Landing,38.797972,-121.717447
Knightsen,37.962426,-121.64858
La Cañada Flintridge,34.20969,-118.200139
La Crescenta-Montrose,34.233016,-118.235774
La Cresta,35.397201,-118.989312
La Grange,37.663456,-120.463147
La Habra,33.927927,-117.951554
La Habra Heights,33.958959,-117.948973
La Honda,37.317705,-122.25843
La Mesa,32.769495,-117.021923
La Mirada,33.902045,-118.008961
La Palma,33.850616,-118.039565
La Porte,39.672508,-120.985244
La Presa,32.712315,-117.00371
La Puente,34.032333,-117.95352
La Quinta,33.646083,-116.275297
La Riviera,38.568538,-121.354962
La Selva Beach,36.927375,-121.844404
La Verne,34.120521,-117.769928
La Vina,36.879865,-120.114802
Ladera,37.399875,-122.198971
Ladera Heights,33.996776,-118.370028
Ladera Ranch,33.549146,-117.641741
Lafayette,37.891004,-122.119529
Laguna Beach,33.54337,-117.761801
Laguna Hills,33.591216,-117.697621
Laguna Niguel,33.528654,-117.701253
Laguna Woods,33.612058,-117.730319
Lagunitas-Forest Knolls,38.018026,-122.691303
Lake Almanor Country Club,40.257771,-121.146958
Lake Almanor Peninsula,40.28121,-121.134454
Lake Almanor West,40.233573,-121.202075
Lake Arrowhead,34.254027,-117.178091
Lake California,40.358355,-122.208843
Lake City,41.645317,-120.222097
Lake Davis,39.852428,-120.45841
Lake Don Pedro,37.64142,-120.36436
Lake Elsinore,33.685956,-117.335404
Lake Forest,33.654946,-117.675848
Lake Hughes,34.682415,-118.451938
Lake Isabella,35.637098,-118.48261
Lake Los Angeles,34.609839,-117.830337
Lake Mathews,33.824966,-117.368343
Lake Nacimiento,35.730962,-120.869517
Lake Riverside,33.518735,-116.812103
Lake San Marcos,33.122362,-117.208576
Lake Shastina,41.523127,-122.376366
Lake Sherwood,34.131803,-118.884714
Lake Wildwood,39.23324,-121.19773
Lake of the Pines,39.038746,-121.061341
Lake of the Woods,34.827138,-118.997304
Lakehead,40.903436,-122.399658
Lakeland Village,33.648956,-117.366823
Lakeport,39.038333,-122.922633
Lakeside,32.856617,-116.904237
Lakeside,35.234667,-119.082858
Lakeview,33.828465,-117.123334
Lakewood,33.847135,-118.121894
Lamont,35.265142,-118.916042
Lanare,36.437723,-119.932199
Lancaster,34.693558,-118.175305
Larkfield-Wikiup,38.512972,-122.753601
Larkspur,37.940544,-122.530229
Las Flores,33.583836,-117.623741
Las Flores,40.072141,-122.157312
Las Lomas,36.868813,-121.731611
Las Vegas,36.1716,-115.1391
Lathrop,37.808666,-121.317765
Laton,36.43141,-119.697597
Lawndale,33.888435,-118.353143
Laytonville,39.662256,-123.495015
Le Grand,37.228815,-120.254002
Lebec,34.844614,-118.899237
Lee Vining,37.954899,-119.122014
Leggett,39.863539,-123.725176
Lemon Cove,36.38088,-119.02846
Lemon Grove,32.733071,-117.034413
Lemon Hill,38.517232,-121.457279
Lemoore,36.29528,-119.797268
Lemoore Station,36.263278,-119.904836
Lennox,33.938068,-118.35854
Lenwood,34.886056,-117.107773
Leona Valley,34.608144,-118.301322
Lewiston,40.696931,-122.822509
Lexington Hills,37.159016,-121.988793
Likely,41.226827,-120.501236
Lincoln,38.874464,-121.292886
Lincoln Village,38.005471,-121.333843
Linda,39.124142,-121.542173
Lindcove,36.358027,-119.064584
Linden,38.01814,-121.101562
Lindsay,36.209096,-119.093259
Linnell Camp,36.308887,-119.222583
Litchfield,40.387702,-120.380705
Little Grass Valley,39.725246,-120.959073
Little River,39.270285,-123.781749
Little Valley,40.893049,-121.178041
Littlerock,34.525126,-117.981631
Live Oak,36.986024,-121.980414
Live Oak,39.278802,-121.662439
Livermore,37.686977,-121.759781
Livingston,37.387281,-120.724943
Lockeford,38.149128,-121.154309
Lockwood,35.940083,-121.078282
Lockwood,38.486691,-120.603425
Lodi,38.12161,-121.290765
Lodoga,39.304272,-122.505944
Loleta,40.640885,-124.222556
Loma Linda,34.043287,-117.246647
Loma Mar,37.265784,-122.300692
Loma Rica,39.320318,-121.403831
Lomita,33.793306,-118.317455
Lompico,37.114619,-122.052768
Lompoc,34.662689,-120.470837
London,36.48048,-119.44494
Lone Pine,36.574447,-118.08061
Long Barn,38.093263,-120.134686
Long Beach,33.780791,-118.16818
Lookout,41.210401,-121.15296
Loomis,38.809358,-121.195383
Los Alamitos,33.796911,-118.061244
Los Alamos,34.741803,-120.274596
Los Altos,37.368431,-122.09657
Los Altos Hills,37.366808,-122.13865
Los Angeles,34.019394,-118.410825
Los Banos,37.063184,-120.840304
Los Berros,35.080907,-120.545036
Los Gatos,37.229944,-121.956874
Los Molinos,40.027074,-122.097971
Los Olivos,34.661506,-120.117436
Los Osos,35.307083,-120.824522
Los Ranchos,35.212699,-120.62803
Lost Hills,35.632721,-119.677889
Lower Lake,38.913034,-122.606987
Loyalton,39.676855,-120.244811
Loyola,37.350325,-122.097973
Lucas Valley-Marinwood,38.040509,-122.576482
Lucerne,39.05677,-122.770289
Lucerne Valley,34.442719,-116.902093
Lynwood,33.923959,-118.201655
Lytle Creek,34.249926,-117.504431
Mabie,39.77706,-120.544699
Macdoel,41.826173,-122.005885
Mad River,40.432532,-123.492061
Madeline,41.05141,-120.475434
Madera,36.965774,-120.08616
Madera Acres,37.012656,-120.079727
Madera Ranchos,36.92791,-119.877283
Madison,38.674988,-121.970254
Magalia,39.818752,-121.607748
Malaga,36.681602,-119.731786
Malibu,34.02586,-118.759643
Mammoth Lakes,37.624435,-118.988432
Manchester,38.974384,-123.690961
Manhattan Beach,33.90087,-118.420715
Manila,40.850897,-124.163193
Manteca,37.790498,-121.230626
Manton,40.426679,-121.850421
March ARB,33.889184,-117.277729
Maricopa,35.050942,-119.406605
Marin City,37.871156,-122.513736
Marina,36.680256,-121.789368
Marina del Rey,33.976373,-118.450888
Mariposa,37.491217,-119.973216
Markleeville,38.684002,-119.822738
Martell,38.367328,-120.807187
Martinez,37.998116,-122.114419
Marysville,39.151535,-121.583374
Matheny,36.170646,-119.351608
Mather,38.548362,-121.283841
Maxwell,39.277078,-122.194676
Mayfair,36.769346,-119.761263
Mayflower Village,34.115931,-118.009581
Maywood,33.988548,-118.187707
McArthur,41.041995,-121.40524
McClellan Park,38.662896,-121.401656
McClenney Tract,35.821984,-118.647839
McCloud,41.254739,-122.136221
McFarland,35.667286,-119.230722
McGee Creek,37.572665,-118.791
McKinleyville,40.951571,-124.077357
McKittrick,35.298028,-119.624921
McSwain,37.314505,-120.586758
Mead Valley,33.833311,-117.2852
Meadow Valley,39.932312,-121.083086
Meadow Vista,39.001718,-121.037582
Meadowbrook,33.725782,-117.285086
Mecca,33.576566,-116.064661
Meiners Oaks,34.455349,-119.270166
Mendocino,39.312451,-123.792402
Mendota,36.757595,-120.380474
Menifee,33.689858,-117.184383
Menlo Park,37.479731,-122.148055
Mentone,34.060639,-117.11502
Merced,37.305721,-120.477907
Meridian,39.140437,-121.9079
Mesa,37.416833,-118.539115
Mesa Verde,33.5957,-114.731604
Mesa Vista,38.810287,-119.803267
Mettler,35.063563,-118.97298
Mexican Colony,35.46893,-119.268712
Meyers,38.834787,-120.01856
Mi-Wuk Village,38.057735,-120.176698
Middletown,38.751877,-122.622103
Midpines,37.553411,-119.928791
Midway City,33.745119,-117.984843
Milford,40.149467,-120.370196
Mill Valley,37.908122,-122.542325
Millbrae,37.59897,-122.401991
Millerton,36.976926,-119.665775
Millville,40.559569,-122.175569
Milpitas,37.433136,-121.890934
Minden,38.9541,-119.7657
Mineral,40.402713,-121.550844
Minkler,36.727624,-119.45885
Mira Monte,34.431119,-119.287201
Miranda,40.228687,-123.817584
Mission Canyon,34.456253,-119.717041
Mission Hills,34.688779,-120.43975
Mission Viejo,33.609335,-117.656471
Modesto,37.637533,-121.003049
Modjeska,33.709133,-117.629704
Mohawk Vista,39.804822,-120.588312
Mojave,35.014995,-118.190209
Mokelumne Hill,38.308484,-120.705617
Monmouth,36.565621,-119.740475
Mono City,38.032123,-119.147399
Mono Vista,38.013432,-120.270048
Monrovia,34.163984,-117.984646
Monson,36.49242,-119.33612
Montague,41.727088,-122.530511
Montalvin Manor,37.997583,-122.330093
Montara,37.548263,-122.492362
Montclair,34.071493,-117.69808
Monte Rio,38.473611,-123.026178
Monte Sereno,37.24041,-121.988235
Montebello,34.015444,-118.111012
Montecito,34.418642,-119.633117
Monterey,36.601193,-121.88311
Monterey Park,34.04838,-118.133165
Monterey Park Tract,37.526814,-121.011487
Montgomery Creek,40.842838,-121.920661
Monument Hills,38.664105,-121.875389
Moorpark,34.285942,-118.87704
Morada,38.038626,-121.245892
Moraga,37.845693,-122.123217
Moreno Valley,33.923253,-117.205685
Morgan Hill,37.132495,-121.641891
Morongo Valley,34.072377,-116.562727
Morro Bay,35.366773,-120.868289
Moskowite Corner,38.443874,-122.19199
Moss Beach,37.51333,-122.498389
Moss Landing,36.805389,-121.786577
Mount Hebron,41.785573,-122.0079
Mount Hermon,37.051032,-122.053348
Mount Laguna,32.871105,-116.424687
Mount Shasta,41.32088,-122.315481
Mountain Center,33.710749,-116.723312
Mountain Gate,40.718456,-122.326225
Mountain House,37.767301,-121.544934
Mountain Meadows,35.093565,-118.432687
Mountain Mesa,35.641137,-118.404645
Mountain Ranch,38.211721,-120.531115
Mountain View,37.399686,-122.079269
Mountain View,38.009205,-122.11685
Mountain View Acres,34.497558,-117.347173
Mt. Bullion,37.508618,-120.042081
Muir Beach,37.861565,-122.580322
Murphys,38.136093,-120.443942
Murrieta,33.573214,-117.191007
Muscoy,34.155176,-117.347721
Myers Flat,40.265478,-123.875548
Myrtletown,40.788731,-124.130658
Napa,38.297872,-122.300741
National City,32.665862,-117.097361
Needles,34.813426,-114.626639
Nevada City,39.259608,-121.033326
New Cuyama,34.943057,-119.682018
New Pine Creek,41.98727,-120.300964
Newark,37.504253,-122.03191
Newcastle,38.866731,-121.131984
Newell,41.888731,-121.360249
Newman,37.316128,-121.021424
Newport Beach,33.597332,-117.890352
Nicasio,38.060622,-122.700822
Nice,39.126181,-122.85533
Nicolaus,38.89819,-121.572837
Niland,33.238708,-115.51444
Nipinnawasee,37.403053,-119.729269
Nipomo,35.03066,-120.497757
Norco,33.925519,-117.551958
Nord,39.773787,-121.954903
Norris Canyon,37.745757,-121.988091
North Auburn,38.930693,-121.081081
North Edwards,35.047332,-117.809362
North El Monte,34.102927,-118.023862
North Fair Oaks,37.475426,-122.203459
North Fork,37.234632,-119.521038
North Gate,37.905513,-121.997879
North Highlands,38.671331,-121.372134
North Lakeport,39.086632,-122.909442
North Richmond,37.965269,-122.370649
North San Juan,39.37181,-121.106079
North Shore,33.514576,-115.910959
North Tustin,33.763544,-117.794717
Norwalk,33.9076,-118.083453
Novato,38.085087,-122.548272
Nubieber,41.096627,-121.182163
Nuevo,33.801137,-117.141382
Oak Glen,34.041043,-116.962307
Oak Hills,34.389944,-117.403094
Oak Park,34.184984,-118.76694
Oak Run,40.694196,-122.025008
Oak Shores,35.760759,-120.982825
Oak View,34.403037,-119.29895
Oakdale,37.761666,-120.846434
Oakhurst,37.341396,-119.626215
Oakland,37.769846,-122.22569
Oakley,37.996149,-121.693624
Oakville,38.438373,-122.406773
Oasis,33.527529,-116.126093
Occidental,38.400372,-122.934946
Oceano,35.101608,-120.608217
Oceanside,33.224601,-117.306291
Ocotillo,32.743126,-116.001879
Oildale,35.42926,-119.030576
Ojai,34.449199,-119.246664
Olancha,36.269787,-118.001258
Old Fig Garden,36.798841,-119.805125
Old River,35.267123,-119.105523
Old Station,40.673204,-121.413348
Old Stine,35.347751,-119.046923
Olde Stockdale,35.347599,-119.079372
Olivehurst,39.079461,-121.556659
Ono,40.478117,-122.625491
Ontario,34.037648,-117.604433
Onyx,35.67022,-118.227163
Orange,33.786971,-117.861265
Orange Blossom,37.814722,-120.687332
Orange Cove,36.621371,-119.318737
Orangevale,38.689359,-121.223077
Orcutt,34.869235,-120.421684
Orick,41.290216,-124.070302
Orinda,37.88161,-122.168595
Orland,39.746146,-122.185731
Orosi,36.543271,-119.291419
Oroville,39.495423,-121.560069
Oroville East,39.49362,-121.483755
Oxnard,34.199436,-119.207515
Pacheco,37.987852,-122.069828
Pacific Grove,36.622577,-121.92643
Pacifica,37.606598,-122.47723
Pajaro,36.901659,-121.74173
Pajaro Dunes,36.868212,-121.805697
Pala,33.363926,-117.067785
Palermo,39.430695,-121.522884
Palm Desert,33.737635,-116.364145
Palm Springs,33.803361,-116.53828
Palmdale,34.591038,-118.105403
Palo Alto,37.39652,-122.143088
Palo Cedro,40.566236,-122.242837
Palo Verde,33.427843,-114.727095
Paloma,38.260552,-120.764426
Palos Verdes Estates,33.774271,-118.425754
Panorama Heights,35.806768,-118.627053
Paradise,37.482853,-118.602213
Paradise,39.754192,-121.6064
Paradise Park,37.006297,-122.042413
Paramount,33.898883,-118.166629
Parklawn,37.607091,-120.980386
Parksdale,36.946491,-120.021168
Parkway,38.499293,-121.452011
Parkwood,36.929255,-120.048139
Parlier,36.608899,-119.543656
Pasadena,34.160602,-118.137954
Pasatiempo,37.003338,-122.026474
Paskenta,39.883275,-122.545834
Patterson,37.475876,-121.153882
Patterson Tract,36.379521,-119.295604
Patton Village,40.140724,-120.178123
Paxton,40.033606,-121.002569
Paynes Creek,40.3419,-121.924974
Pearsonville,35.822945,-117.87825
Penn Valley,39.195297,-121.194153
Penngrove,38.300619,-122.670641
Penryn,38.848218,-121.169809
Pepperdine University,34.042278,-118.709182
Perris,33.789849,-117.222171
Pescadero,37.244894,-122.378866
Petaluma,38.242251,-122.628769
Petaluma Center,38.250652,-122.788841
Peters,37.976157,-121.043809
Phelan,34.439816,-117.524829
Phillipsville,40.210704,-123.781212
Philo,39.065757,-123.445063
Phoenix Lake,38.011347,-120.309
Pico Rivera,33.989524,-118.089295
Piedmont,37.822545,-122.230024
Pierpoint,36.140468,-118.629615
Pike,39.427843,-120.999682
Pine Canyon,36.172072,-121.143013
Pine Flat,35.875355,-118.643832
Pine Grove,38.40304,-120.657087
Pine Hills,40.732892,-124.161095
Pine Mountain Club,34.840895,-119.168541
Pine Mountain Lake,37.85954,-120.181662
Pine Valley,32.841513,-116.510706
Pinole,38.001702,-122.318488
Pioneer,38.433759,-120.586077
Piru,34.405678,-118.805097
Pismo Beach,35.153173,-120.673874
Pittsburg,38.016771,-121.896948
Pixley,35.976823,-119.30019
Piñon Hills,34.445607,-117.623563
Placentia,33.881158,-117.854783
Placerville,38.731116,-120.797677
Plainview,36.143028,-119.13534
Planada,37.290207,-120.321637
Platina,40.359052,-122.904244
Pleasant Hill,37.954163,-122.075772
Pleasanton,37.667185,-121.88123
Pleasure Point,36.959718,-121.970036
Plumas Eureka,39.798242,-120.664441
Plumas Lake,38.979131,-121.558056
Plymouth,38.471741,-120.857194
Point Arena,38.912306,-123.695609
Point Reyes Station,38.084647,-122.809226
Pollock Pines,38.757641,-120.590957
Pomona,34.058494,-117.761091
Ponderosa,36.104693,-118.531915
Poplar-Cotton Center,36.057716,-119.150181
Port Costa,38.044543,-122.184942
Port Hueneme,34.162143,-119.204177
Porterville,36.063542,-119.0336
Portola,39.820799,-120.474293
Portola Valley,37.365191,-122.232724
Posey,35.805263,-118.682639
Poso Park,35.811272,-118.636537
Post Mountain,40.415949,-123.231604
Potomac Park,35.363538,-118.964963
Potrero,32.613089,-116.606815
Potter Valley,39.317141,-123.10986
Poway,32.987677,-117.021814
Prattville,40.206005,-121.157456
Primm,35.6119,-115.3879
Princeton,39.401598,-122.01936
Proberta,40.076157,-122.177609
Prunedale,36.811747,-121.65496
Pumpkin Center,35.265301,-119.03241
Quartz Hill,34.651988,-118.215945
Quincy,39.931017,-120.954886
Rackerby,39.426114,-121.35419
Rail Road Flat,38.335576,-120.550131
Rainbow,33.409873,-117.13944
Raisin City,36.603262,-119.909158
Ramona,33.045811,-116.877546
Rancho Calaveras,38.133305,-120.861766
Rancho Cordova,38.577079,-121.236187
Rancho Cucamonga,34.130306,-117.566067
Rancho Mirage,33.763838,-116.430388
Rancho Mission Viejo,33.514003,-117.561795
Rancho Murieta,38.500701,-121.074021
Rancho Palos Verdes,33.738517,-118.369685
Rancho San Diego,32.762405,-116.919691
Rancho Santa Fe,33.025814,-117.198148
Rancho Santa Margarita,33.632332,-117.599008
Rancho Tehama Reserve,40.004003,-122.42834
Randsburg,35.368658,-117.660322
Red Bluff,40.173515,-122.241525
Red Corral,38.412132,-120.607102
Redcrest,40.398775,-123.947415
Redding,40.570277,-122.366766
Redlands,34.053506,-117.170476
Redondo Beach,33.849538,-118.400755
Redway,40.120223,-123.821777
Redwood City,37.515274,-122.213672
Redwood Valley,39.268548,-123.202758
Reedley,36.599374,-119.447781
Reliez Valley,37.939888,-122.102695
Reno,39.5262,-119.8129
Rexland Acres,35.305053,-118.996992
Rialto,34.117419,-117.389215
Richfield,39.973801,-122.173234
Richgrove,35.796612,-119.106903
Richmond,37.952278,-122.360609
Richvale,39.493735,-121.750766
Ridgecrest,35.628542,-117.663992
Ridgecrest Heights,35.6019,-117.70418
Ridgemark,36.808241,-121.36228
Rio Dell,40.49557,-124.115163
Rio Linda,38.687502,-121.441682
Rio Oso,38.951823,-121.530974
Rio Vista,38.176672,-121.703406
Rio del Mar,36.957899,-121.884823
Ripley,33.523788,-114.652992
Ripon,37.742007,-121.130373
River Pines,38.545458,-120.742909
Riverbank,37.726022,-120.94484
Riverdale,36.430402,-119.867178
Riverdale Park,37.602223,-121.039491
Rivergrove,35.440294,-118.941085
Riverside,33.938143,-117.393168
Robbins,38.866948,-121.707092
Robinson Mill,39.485626,-121.320164
Rocklin,38.806868,-121.249696
Rodeo,38.036605,-122.253956
Rodriguez Camp,35.808986,-119.138822
Rohnert Park,38.347617,-122.700896
Rolling Hills,33.760016,-118.347168
Rolling Hills,36.903962,-119.796624
Rolling Hills Estates,33.778442,-118.327432
Rollingwood,37.965347,-122.330608
Romoland,33.764806,-117.157107
Rosamond,34.865627,-118.214767
Rose Hills,34.009012,-118.041909
Rosedale,35.388608,-119.205742
Rosemead,34.06888,-118.08268
Rosemont,38.547729,-121.355371
Roseville,38.770296,-121.319634
Ross,37.963821,-122.561614
Rossmoor,33.788691,-118.080326
Rough and Ready,39.234023,-121.138022
Round Mountain,40.797463,-121.937988
Round Valley,37.414163,-118.572273
Rouse,37.619513,-121.008371
Rowland Heights,33.970313,-117.890568
Rumsey,38.893308,-122.243647
Running Springs,34.211362,-117.104572
Ruth,40.293849,-123.348335
Rutherford,38.458864,-122.428831
Sacramento,38.567694,-121.468161
Sage,33.594066,-116.910385
Salida,37.709123,-121.084825
Salinas,36.690217,-121.633793
Salmon Creek,38.346212,-123.059329
Salton City,33.299426,-115.960947
Salton Sea Beach,33.375855,-116.011475
Salyer,40.876768,-123.573501
Samoa,40.814609,-124.189215
San Andreas,38.192691,-120.67318
San Anselmo,37.982117,-122.569921
San Antonio Heights,34.15642,-117.658705
San Ardo,36.023699,-120.907307
San Bernardino,34.14114,-117.294635
San Bruno,37.62556,-122.431397
San Buenaventura (Ventura),34.26778,-119.254206
San Carlos,37.499034,-122.267572
San Clemente,33.449143,-117.61312
San Diego,32.814977,-117.135562
San Diego Country Estates,33.009376,-116.787314
San Dimas,34.107957,-117.808529
San Fernando,34.288652,-118.436243
San Francisco,37.727239,-123.032229
San Gabriel,34.094636,-118.098469
San Geronimo,38.006713,-122.663266
San Jacinto,33.798864,-116.995914
San Joaquin,36.60559,-120.189766
San Jose,37.296011,-121.814552
San Juan Bautista,36.845132,-121.536949
San Juan Capistrano,33.500889,-117.654388
San Leandro,37.703368,-122.163036
San Lorenzo,37.6759,-122.135973
San Lucas,36.128349,-121.021732
San Luis Obispo,35.266195,-120.668438
San Marcos,33.132567,-117.169892
San Marino,34.122671,-118.112911
San Martin,37.082881,-121.596322
San Mateo,37.56031,-122.3106
San Miguel,35.753402,-120.692392
San Miguel,37.886699,-122.036833
San Pablo,37.962861,-122.342581
San Pasqual,34.139222,-118.102524
San Rafael,37.981003,-122.50693
San Ramon,37.765258,-121.931987
San Simeon,35.618206,-121.137438
Sand City,36.62177,-121.847668
Sanger,36.701219,-119.557396
Santa Ana,33.736332,-117.8829
Santa Barbara,34.403592,-119.713714
Santa Clara,37.364621,-121.967973
Santa Clarita,34.416504,-118.500693
Santa Cruz,36.974385,-122.035268
Santa Fe Springs,33.933565,-118.062611
Santa Margarita,35.389426,-120.608159
Santa Maria,34.933076,-120.443559
Santa Monica,34.010911,-118.498245
Santa Nella,37.101219,-121.015697
Santa Paula,34.354941,-119.066271
Santa Rosa,38.445824,-122.706181
Santa Rosa Valley,34.245903,-118.901784
Santa Susana,34.258582,-118.664319
Santa Venetia,38.005538,-122.502811
Santa Ynez,34.617457,-120.096355
Santee,32.85499,-116.986056
Saranap,37.887818,-122.076142
Saratoga,37.268326,-122.02622
Saticoy,34.282469,-119.142844
Sattley,39.629945,-120.437275
Sausalito,37.858369,-122.491844
Scotia,40.478813,-124.104651
Scotts Valley,37.055499,-122.011769
Sea Ranch,38.725274,-123.458314
Seacliff,36.977344,-121.918615
Seal Beach,33.754399,-118.07132
Searles Valley,35.770048,-117.396676
Seaside,36.625058,-121.817804
Sebastopol,38.400003,-122.827586
Seeley,32.790475,-115.684982
Selma,36.571768,-119.613952
Sequoia Crest,36.185882,-118.625635
Sereno del Mar,38.383671,-123.073148
Seville,36.483533,-119.225868
Shafter,35.479421,-119.201285
Shandon,35.653609,-120.383148
Shasta,40.592021,-122.477899
Shasta Lake,40.676564,-122.380909
Shaver Lake,37.099184,-119.325677
Sheep Ranch,38.207433,-120.460192
Shell Ridge,37.905919,-122.034399
Shelter Cove,40.038954,-124.055825
Sheridan,38.973111,-121.350946
Shingle Springs,38.665855,-120.936208
Shingletown,40.506094,-121.855665
Shoshone,35.96723,-116.30877
Sierra Brooks,39.642592,-120.215387
Sierra City,39.572658,-120.627617
Sierra Madre,34.168771,-118.050216
Sierra Village,38.075627,-120.159336
Sierraville,39.582232,-120.362065
Signal Hill,33.803461,-118.169735
Silver City,36.466306,-118.649508
Silver Lakes,34.74782,-117.344966
Silverado,33.748176,-117.628479
Silverado Resort,38.356302,-122.256334
Simi Valley,34.266887,-118.748458
Sisquoc,34.861817,-120.294395
Sky Valley,33.891237,-116.35504
Sleepy Hollow,38.012039,-122.587686
Smartsville,39.205273,-121.292916
Smith Corner,35.478831,-119.277123
Smith River,41.923802,-124.147825
Snelling,37.52445,-120.436319
Soda Bay,39.002431,-122.779476
Soda Springs,39.324788,-120.378665
Solana Beach,32.9913,-117.258062
Soledad,36.434522,-121.317759
Solvang,34.593758,-120.13968
Somis,34.265263,-118.998406
Sonoma,38.290331,-122.459831
Sonoma State University,38.340565,-122.672884
Sonora,37.981707,-120.382755
Soquel,36.997762,-121.948248
Soulsbyville,37.991289,-120.262791
South Dos Palos,36.970701,-120.646731
South El Monte,34.050377,-118.048384
South Gate,33.944159,-118.192761
South Lake Tahoe,38.928218,-119.981
South Monrovia Island,34.123421,-117.995864
South Oroville,39.476554,-121.543878
South Pasadena,34.108957,-118.156615
South San Francisco,37.655104,-122.376234
South San Gabriel,34.047794,-118.095678
South San Jose Hills,34.012332,-117.904363
South Taft,35.129308,-119.4575
South Whittier,33.93308,-118.030771
Sparks,39.5349,-119.7527
Spaulding,40.655664,-120.78626
Spreckels,36.624716,-121.646487
Spring Garden,39.891971,-120.786617
Spring Valley,32.729948,-116.976401
Spring Valley,39.076053,-122.584512
Spring Valley Lake,34.496818,-117.267587
Springville,36.120867,-118.822825
Squaw Valley,36.719141,-119.202677
Squirrel Mountain Valley,35.617524,-118.404668
St. Helena,38.512806,-122.468076
Stallion Springs,35.092016,-118.657649
Stanford,37.426933,-122.167741
Stanton,33.800233,-117.993449
Stateline,38.9599,-119.9399
Stebbins,35.40565,-119.314178
Stevenson Ranch,34.38772,-118.584359
Stevinson,37.324664,-120.849664
Stinson Beach,37.902485,-122.650116
Stirling City,39.904971,-121.537263
Stockton,37.976553,-121.308598
Stones Landing,40.691549,-120.734628
Stonyford,39.369492,-122.543808
Stratford,36.188464,-119.822247
Strathmore,36.146117,-119.064341
Strawberry,37.89125,-122.509166
Strawberry,38.198384,-120.010343
Sugarloaf Saw Mill,35.834299,-118.616541
Sugarloaf Village,35.826851,-118.635447
Suisun City,38.248334,-122.010066
Sultana,36.545511,-119.337736
Summerland,34.417182,-119.587494
Sun Village,34.559524,-117.956758
Sunny Slopes,37.569376,-118.675836
Sunnyside,36.729479,-119.694438
Sunnyside-Tahoe City,39.148318,-120.170938
Sunnyvale,37.385797,-122.026316
Sunol,37.585935,-121.880456
Susanville,40.433674,-120.628306
Sutter,39.155596,-121.749265
Sutter Creek,38.392445,-120.798969
Swall Meadows,37.50606,-118.642656
Taft,35.126696,-119.424194
Taft Heights,35.13375,-119.47114
Taft Mosswood,37.911954,-121.282166
Tahoe Vista,39.2468,-120.058578
Tahoma,39.058245,-120.142067
Talmage,39.131198,-123.163838
Tamalpais-Homestead Valley,37.879129,-122.537889
Tancred,38.761859,-122.154696
Tara Hills,37.993845,-122.318781
Tarina,35.3807,-118.817088
Tarpey Village,36.794082,-119.701193
Taylorsville,40.058662,-120.838675
Tecopa,35.820581,-116.205051
Tehachapi,35.142959,-118.446036
Tehama,40.021776,-122.126901
Temecula,33.493073,-117.131734
Temelec,38.257755,-122.498198
Temescal Valley,33.758003,-117.467159
Temple City,34.102156,-118.057971
Templeton,35.556024,-120.718166
Tennant,41.578884,-121.917464
Terminous,38.115256,-121.489558
Terra Bella,35.960011,-119.038528
Teviston,35.928872,-119.278332
Thermal,33.626195,-116.130834
Thermalito,39.508933,-121.601116
Thornton,38.229659,-121.426063
Thousand Oaks,34.19329,-118.874235
Thousand Palms,33.815006,-116.354481
Three Rivers,36.440041,-118.88028
Three Rocks,36.505148,-120.393534
Tiburon,37.886768,-122.462619
Timber Cove,38.541089,-123.258786
Tipton,36.057233,-119.313525
Tobin,39.935798,-121.296491
Tomales,38.24703,-122.905355
Tonyville,36.247382,-119.090352
Tooleville,36.287753,-119.115435
Topanga,34.096777,-118.606021
Topaz,38.638059,-119.501807
Toro Canyon,34.423004,-119.560729
Torrance,33.830453,-118.356618
Trabuco Canyon,33.678228,-117.594009
Tracy,37.727396,-121.452195
Tranquillity,36.648007,-120.252542
Traver,36.454111,-119.48373
Tres Pinos,36.790382,-121.310564
Trinidad,41.057708,-124.143255
Trinity Center,40.984064,-122.708325
Trinity Village,40.878916,-123.513207
Trona,35.815821,-117.347348
Trowbridge,38.926385,-121.514845
Truckee,39.350548,-120.193943
Tulare,36.200246,-119.339775
Tulelake,41.95346,-121.474897
Tuolumne City,37.962652,-120.241986
Tupman,35.298743,-119.357674
Turlock,37.505524,-120.859269
Tustin,33.73092,-117.810599
Tuttle,37.296508,-120.378867
Tuttletown,38.010436,-120.441246
Twain,40.035503,-121.040363
Twain Harte,38.036943,-120.233918
Twentynine Palms,34.147817,-116.065959
Twin Lakes,36.961378,-121.991748
Twin Lakes,38.162886,-119.341063
Ukiah,39.147519,-123.204903
Union City,37.602759,-122.01884
University of California-Davis,38.537704,-121.7579
University of California-Merced,37.364083,-120.418831
University of California-Santa Barbara,34.417825,-119.846713
Upland,34.116073,-117.659922
Upper Lake,39.16505,-122.905182
Vacaville,38.358621,-121.968601
Val Verde,34.450423,-118.671784
Valinda,34.040033,-117.930057
Valle Vista,33.743363,-116.888783
Vallecito,38.083203,-120.468331
Vallejo,38.106909,-122.262339
Valley Acres,35.208668,-119.410651
Valley Center,33.232994,-117.015763
Valley Ford,38.32456,-122.914733
Valley Home,37.827241,-120.914343
Valley Ranch,39.740342,-120.564895
Valley Springs,38.189378,-120.825279
Valley Wells,35.880729,-117.335676
Vandenberg AFB,34.727986,-120.506467
Vandenberg Village,34.71174,-120.461933
Verdi,39.526969,-120.023394
Vernon,34.001123,-118.210869
Victor,38.138465,-121.19876
Victorville,34.527735,-117.353579
View Park-Windsor Hills,33.994472,-118.347762
Villa Park,33.817985,-117.811293
Vina,39.93418,-122.051706
Vincent,34.098268,-117.923801
Vine Hill,38.007117,-122.087297
Vineyard,38.474035,-121.323995
Virginia Lakes,38.043473,-119.259877
Visalia,36.32803,-119.328519
Vista,33.189528,-117.238582
Vista Santa Rosa,33.621451,-116.208816
Volcano,38.450614,-120.621768
Volta,37.082353,-120.91448
Walker,38.518502,-119.473051
Wallace,38.199838,-120.964242
Walnut,34.037195,-117.855606
Walnut Creek,37.902666,-122.040479
Walnut Grove,38.250594,-121.534973
Walnut Park,33.968233,-118.221948
Warm Springs,33.706681,-117.334347
Warner Valley,40.404355,-121.340562
Wasco,35.593785,-119.367101
Washington,39.359158,-120.790497
Waterford,37.642685,-120.754152
Waterloo,38.036452,-121.184555
Watsonville,36.923587,-121.772395
Waukena,36.139104,-119.510973
Wautec,41.354315,-123.862288
Wawona,37.544674,-119.638674
Weaverville,40.740655,-122.929022
Weed,41.412087,-122.380966
Weedpatch,35.235892,-118.909561
Weitchpec,41.194593,-123.688847
Weldon,35.644103,-118.309088
Weott,40.322772,-123.920622
West Athens,33.923453,-118.303301
West Bishop,37.362768,-118.475046
West Carson,33.823139,-118.293685
West Covina,34.055941,-117.909937
West Goshen,36.349183,-119.457374
West Hollywood,34.088268,-118.371831
West Menlo Park,37.433824,-122.20342
West Modesto,37.617519,-121.032828
West Park,36.705526,-119.851548
West Point,38.406819,-120.542592
West Puente Valley,34.05228,-117.966717
West Rancho Dominguez,33.904332,-118.267777
West Sacramento,38.554368,-121.548663
West Whittier-Los Nietos,33.975998,-118.068929
Westhaven-Moonstone,41.036117,-124.09083
Westlake Village,34.136675,-118.817367
Westley,37.546908,-121.200915
Westminster,33.752292,-117.993868
Westmont,33.941682,-118.301834
Westmorland,33.038996,-115.622441
Westside,36.404202,-120.134326
Westwood,40.30522,-121.003503
Wheatland,39.031163,-121.389996
Whitehawk,39.720609,-120.553583
Whitewater,33.93559,-116.687212
Whitley Gardens,35.656322,-120.508112
Whitmore,40.61251,-121.935906
Whittier,33.966827,-118.020122
Wildomar,33.617278,-117.258312
Wilkerson,37.277339,-118.391588
Williams,39.14978,-122.138968
Williams Canyon,33.728913,-117.639438
Willits,39.405006,-123.348889
Willow Creek,40.93933,-123.6411
Willowbrook,33.920834,-118.236915
Willows,39.514752,-122.199178
Wilseyville,38.376483,-120.486844
Wilsonia,36.734598,-118.955847
Wilton,38.412977,-121.212718
Winchester,33.71463,-117.077398
Windsor,38.542099,-122.808613
Winter Gardens,32.837512,-116.926555
Winterhaven,32.737183,-114.637798
Winters,38.533271,-121.975473
Winton,37.385427,-120.617364
Wofford Heights,35.714951,-118.472664
Woodacre,38.005174,-122.63831
Woodbridge,38.172065,-121.308915
Woodcrest,33.878946,-117.368671
Woodlake,36.412828,-119.100718
Woodland,38.67116,-121.750043
Woodlands,35.028873,-120.552393
Woodside,37.42215,-122.258593
Woodville,36.09268,-119.201226
Woodville Farm Labor Camp,36.083151,-119.147923
Woody,35.708148,-118.814396
Wrightwood,34.345988,-117.627579
Yankee Hill,39.700709,-121.514688
Yermo,34.906656,-116.823274
Yettem,36.485684,-119.255689
Yolo,38.740463,-121.809324
Yorba Linda,33.889038,-117.77207
Yosemite Lakes,37.185358,-119.772122
Yosemite Valley,37.742523,-119.577626
Yosemite West,37.648193,-119.718217
Yountville,38.393512,-122.365536
Yreka,41.724032,-122.63157
Yuba City,39.129842,-121.641549
Yucaipa,34.033582,-117.042898
Yucca Valley,34.123347,-116.421557
Zayante,37.089214,-122.040862
